date,sentiment,text
2017-10-01,4,They're like those telemarketers from India who claim they're from Microsoft and tell you there's a virus. Don't believe them? They move on
2017-10-01,4,"Top story: Microsoft news recap: Skype getting yet another redesign, Azure rece ?s=tnp"
2017-10-01,2,I've entered the to win the Nextbook Flexx A -in-1 Tablet .
2017-10-01,4,"Normally, Im not a Microsoft fan, but sex does weird things to you."
2017-10-01,2,Mall near me had a microsoft kiosk with the shit. Lots of malls do and let you demo the shit. Try it!
2017-10-01,2,DON'T MISS the /10th Meeting w/ GM special guest:
2017-10-01,4,I choose a lazy person to do a hard job. Because a lazy person will find an easy way to do it. Bill Gates
2017-10-01,4,Oh god a big update for windows in before it breaks my boot
2017-10-01,2,windows
2017-10-01,0,We need to get mw2 and mw3 backwards compatible before ww2 comes out. Let's do it!
2017-10-01,0,"Childish!! If you want this crap to stop, then we must boycott the sponsors. I know its tough but Pepsi, AB InBev, Microsoft , Nike...."
2017-10-01,2,Download Microsoft Visio Tool Manual .pdf .epub .doc -micros oft-visio-tool-manual
2017-10-01,4,Make sure you enter to win a Nextbook Flexx A -in-1 tablet with Windows on
2017-10-01,2,Skype in the Classroom - Overview - Microsoft in Education -nyUq
2017-10-01,0,Jada bought me Microsoft points..
2017-10-01,0,the microsoft windows sound effect killed me lmaoooo
2017-10-01,2,"Yes, very soon I hope. Bill Gates is putting his wealth behind it. Roll on!"
2017-10-01,2,I uploaded it from the Windows Twitter app.
2017-10-01,2,New Microsoft Channel Chief Phil Sorgen: Exclusive Interview - Microsoft ( MSFT ) Channel... .net
2017-10-01,2,Weekend reading: rare interview of Microsoft 's CEO Satya Nadella and Bill Gates -rar e-joint-interview-with-microsoft-ceo-satya-nadella-and-bill-gates-1506358852?%3Fmgrod%2Faccounts-wsj&modjcm_fcfeml1
2017-10-01,2,Microsoft Xbox - Original - Console Only - Untested $39.95 via eBay
2017-10-01,2,Word of Quarter End Propaganda! $ IBM 's Diversity & Inclusion Culture Video is Propaganda? $ msft $ brk $ iep $ ge $ gm $ crm $ cmg $ dis $ pep $ ko $ f
2017-10-01,2,Yeah Microsoft is frustrating. Switched over to King soft and have never looked back. Free and does everything MS does
2017-10-01,4,Perfectly fine for me. Ive never had any problems with the Microsoft store
2017-10-01,4,Windows Tip: Work better together with Microsoft Excel
2017-10-01,4,MICROSOFT Ignite - YouTube channel
2017-10-01,4,The Microsoft Graph is about to light up a new way for business users to search
2017-10-01,2,"The world is like Microsoft word, you have reached your word count. Shut up."
2017-10-01,4,NEED HELP! Activation ng Microsoft Office product key. Slap soil me
2017-10-01,2,I added a video to a playlist ?a Microsoft 's New Xbox One X Announcement Ticks Off A Lot Of People! But
2017-10-01,2,That's not the blast I remember at the msft store. Bring the
2017-10-01,2,Child grow up to be Bill Gates . But Child grows up with inmates!
2017-10-01,4,Bill Gates and I have a combined net worth of approximately billion
2017-10-01,4,"Windows closing in on Windows , could overtake it by the end of the year"
2017-10-01,4,Intel Corporation Eected To Extend Higher $ INTC Also $ AMD $ AAPL $ MSFT $ NVDA $ GOOGL
2017-10-01,4,Intel Corporation Eected To Extend Higher $ INTC Also $ AMD $ AAPL $ MSFT $ NVDA $ GOOGL
2017-10-01,4,"When it comes to extensions for Edge, Microsoft puts quality over quantity"
2017-10-01,4,General purpose computing moves closer to reality with new programming language
2017-10-01,2,Microsoft quietly edits Forza Motorsport 'VIP' listing after
2017-10-01,4,Pay attention to this amazing news: Bill Gates has rejected Windows mobile and now uses android here is why:
2017-10-01,4,"When it comes to extensions for Edge, Microsoft puts quality over quantity - ?id=1626385"
2017-10-01,4,"Bill Gates , we need to kill billion ppl. Vaccines and health care- we can do it-"
2017-10-01,4,Windows is good
2017-10-01,4,"When it comes to extensions for Edge, Microsoft puts quality over quantity"
2017-10-01,4,Hmm Steve jobs buys Microsoft This morning i got up at night
2017-10-01,2,Xbox One S GB Console - Forza Horizon Bundle [Discontinued] by Microsoft % Sales
2017-10-01,2,"Yes I have seen one in the wild , a"
2017-10-01,0,I liked a video ?a Microsoft Surface Studio Unboxing!
2017-10-01,0,Microsoft quietly edits Forza Motorsport 'VIP' listing after
2017-10-01,4,Good article and info. Didn't Microsoft in the past abuse this? I think they did but it seems they are being goods reps of it now.
2017-10-01,0,The NFLs Microsoft Surface promotion makes me laugh because those things have been out for like years & Ive never seen anyone with one.
2017-10-01,0,They use to have Movie Maker before Windows
2017-10-01,0,"Microsoft paid for it, so don't get your hopes up."
2017-10-01,4,Ford is now designing cars in mixed reality using Microsoft HoloLens
2017-10-01,2,"Over the next years, we need people to keep believing in the power of innovation. - Bill Gates"
2017-10-01,2,Bill Gates has rejected Windows Mobile and now uses Android. Here's why: via Forbes
2017-10-01,2,Why Bill Gates Chose Android And Rejected Windows Mobile:
2017-10-01,0,"I'm chryna catcha plane, Microsoft . Eff you too."
2017-10-01,0,I liked a video ?a Windows Fall Creators Update: Joe Belfiore demos Microsoft Fluent Design System
2017-10-01,0,Maybe if they used iPads we could have had the first touchdown and not needed this bullshit game to go on any longer saves.
2017-10-01,0,Free eBooks from Microsoft Press via /r/FreeEBOOKS
2017-10-01,2,"NHL ( Microsoft Xbox One, )"
2017-10-01,4,Meanwhile my main PC has been upgraded continually since Windows .1 without any issues.
2017-10-01,0,My word is going to make me hate an song and I didn't think that was possible. Fuck.
2017-10-01,2,I liked a video ?a How to install Windows on Mac using an external drive
2017-10-01,2,Just completed the Teacher academy: Windows course on the Educator Communi - Win10 via
2017-10-01,2,Waiting arrival of eecting major announcements from & next weeks
2017-10-01,2,kind of dying to know why microsoft s advertising came to describe its laptop as soft
2017-10-01,2,"Forbes "" Bill Gates has rejected Windows Mobile and now uses Android. Here's why: """
2017-10-01,4,Im..... Bill Gates who???
2017-10-01,4,Microsoft Previews More of its 'Fluent Design' for Windows
2017-10-01,4,"Man, people who work at Microsoft seem to really really love working at Microsoft"
2017-10-01,2,GTA V New en ebay: Grand Theft Auto V ( Microsoft Xbox One ) Video Game GTA V
2017-10-01,2,Enter to win a Nextbook Flexx A convertible Tablet/PC!
2017-10-01,2,"In Feature Minecraft big Update can add Mods menu what Do you think for idea on android, IOS & Windows"
2017-10-01,0,"Im finally writing and now my Microsoft Word wants to freeze up. Not tonight, Satan!"
2017-10-01,4,"FYI, Microsoft windows supports Safari"
2017-10-01,2,Microsoft 's New Xbox One X Announcement Ticks Off A Lot Of People! But I... via
2017-10-01,0,"stg microsoft word is on crack,,,i slightly change the size of a picture and the image itself & others shift out of existence ????"
2017-10-01,2,Microsoft quietly edits Forza Motorsport 'VIP' listing after backlash ?utm_source=ifttt
2017-10-01,0,". Microsoft U wont email me a new password, I cant recall the old one, you dont have my phone NO APP download fr ME -EVER"
2017-10-01,2,[!Giveaway $25 Microsoft Store card!] raid time boiiis :
2017-10-01,2,Sunday Surprise: Tech Summit -18
2017-10-01,0,imagine getting it through the Windows store
2017-10-01,2,I liked a video ?a Microsoft makes fun of Apple! (You will hate Apple after seeing this)
2017-10-01,4,"When it comes to extensions for Edge, Microsoft puts quality over quantity"
2017-10-01,4,Microsoft introduces chatbot to enable advertisers with personalised customer engagement -introduces-chatbot-enable-advertisers-with-personalised-customer via
2017-10-01,4,"I'm at Microsoft Theatre - for Tzu Chi: Thousands of Helping Hands Concert in Los Angeles, CA"
2017-10-01,4,Evan Davis meets Microsoft CEO Satya Nadella (extended interview) - BBC Newsnight
2017-10-01,4,If The Majority of $ IBM Employees Are in India Then This is Propaganda? $ ko $ pep $ crm $ msft $ brk $ iep $ cmg $ orcl $ ge $ gm $ twtr $ aapl $ amzn
2017-10-01,2,Groove Bypass / Code Execution sofficegroove-bypassexec.txt
2017-10-01,4,Not spilt milk but spoiled milk becomes a teachable moment at $ MSFT regarding embracing change and not accepting the status quo.
2017-10-01,2,Excel Code Execution xcel_PoC.zip
2017-10-01,2,Conoce a Bill Gates
2017-10-01,2,Enter to win a Nextbook Flexx A convertible Tablet/PC!
2017-10-01,2,Bill Gates now uses an Android
2017-10-01,2,Anyone got a Minecraft Windows Redeem Code or will let me use there account to download? ill give you all of my methods
2017-10-01,0,How many times are the refs gonna screw us
2017-10-01,0,Windows : the operating system that takes longer to update than to install
2017-10-01,2,Microsoft EDU with Mallory Mack via
2017-10-01,2,"New on eBay! Minecraft ( Microsoft Xbox , ) Video Game"
2017-10-01,4,"When it comes to extensions for Edge, Microsoft puts quality over quantity"
2017-10-01,2,That was a touchdown!
2017-10-01,2,Bestsellers in eBooks : Hit Refresh: The Quest to Rediscover Microsoft s Soul and Imagine a Better Future for Everyone
2017-10-01,0,"Although OpenDrive applications can be used on Windows , a network error dialog is displayed periodically. Couldn't connect..."
2017-10-01,2,Got robbed on toe drag touchdown!!
2017-10-01,4,Google & Microsoft Are Building Software to Identify & Trendsetters
2017-10-01,2,I added a video to a playlist ?a Microsoft 's New Xbox One X Announcement Ticks Off A Lot Of People! But
2017-10-01,2,I liked a video ?a Microsoft 's New Xbox One X Announcement Ticks Off A Lot Of People! But It Really
2017-10-01,2,How do you get robbed touchdowns in one game
2017-10-01,2,"WhenthePCwaslaunched,peopleknewitwasimportant. - BillGates"
2017-10-01,0,BULLSHIT
2017-10-01,2,"Microsoft Surface "" Tablet GB Windows RT - Silver (P3W00001)"
2017-10-01,2,Second shitty call by the refs. Costs Cards TDs
2017-10-01,2,Damn it. I have Verizon!!
2017-10-01,2,Bill Gates has rejected Windows Mobile and now uses Android. Here's why:
2017-10-01,4,"I was in my business class when I realized Excel must be a fan ""...Cuz I know I can treat you better than he can"""
2017-10-01,4,Remember years ago when spam was awful? I remember Bill Gates publicly we'd fix it soon. We didn't believe him. We should have.
2017-10-01,2,Microsoft Office Groove Security Bypass / Code Execution
2017-10-01,4,Chime in: Should Microsoft release a Surface trackpad?
2017-10-01,4,Congrats on the win
2017-10-01,0,can our O-Line be under review pls like wtf
2017-10-01,4,Microsoft you win the Gif of the day
2017-10-01,4,Interview with Microsoft Board Member Sandra Peterson
2017-10-01,4,Interview with Microsoft Board Member Sandra Peterson
2017-10-01,2,Bill Gates has rejected Windows Mobile and now uses Android. Here's why:
2017-10-01,2,"I have no clue then, thats where Id go for bug reports. See if the bug persists in another world. If so then maybe try righting a review on the stores page."
2017-10-01,2,Bill Gates is actually short for Billionaire Gateway guy
2017-10-01,4,"minutes with Microsoft 's CEO: A new book, a new culture and a complete nonsense answer - The Denver Post The"
2017-10-01,4,"Microsoft Pix, smartphone addiction, and Google search eBooks - Top for the week"
2017-10-01,4,"Microsoft Pix, smartphone addiction, and Google search eBooks - Top for the week"
2017-10-01,2,Skype Preview // Sneak peek at UX refresh for iOS - Microsoft Community a580f0287df0ed946d21f9686?src=twitter via
2017-10-01,4,Yay! Just became a Certified MIE through education online
2017-10-01,4,"When it comes to extensions for Edge, Microsoft puts quality.."
2017-10-01,4,Overflow uses Microsoft to make that assists developers
2017-10-01,4,Microsoft CEO Satya Nadella discusses the jobs of the future
2017-10-01,2,Microsoft Office Word Information Disclosure
2017-10-01,2,Minecraft Xbox One/PE/ Windows Bedrock Elemental Factions Server Relm Showcase Come and Join: ?a via
2017-10-01,4,"Microsoft Office is a software that provides productivity software and related services for subscribers. For business users, Office"
2017-10-01,4,"When it comes to extensions for Edge, Microsoft puts quality over quantity"
2017-10-01,4,Microsoft 's Azure Has Become A Terror To Other Cloud Computing Players - -microsofts-azure-become-terror-cloud-computing-players
2017-10-01,0,"So the bug tracker is only letting me report for ""Current Version: v1.2.1.1"" but I have v1.2.1 and the MS Store says I'm up to date. Now what?"
2017-10-01,0,because my pp smol sorry
2017-10-01,2,Microsoft CEO Satya Nadella elains what happened when employees struggled with a gross milk situation
2017-10-01,0,Could I suggest ?
2017-10-01,0,No ur sayin ur basically bill gates compared to me ur acting like u have millions of subs and when the fuck did i say i was bigger than u???
2017-10-01,2,"We DemoRats love to build walls around our companies like Google, Apple, Facebook and Microsoft for security but never the Country"
2017-10-01,4,Learning Microsoft Teams for Education
2017-10-01,4,use of plastic bags drops after microsoft partnered with islamic refugees
2017-10-01,0,Windows ! Why can't I find my wifi network?! I'm done. I'm going to the movies. I'll look for a resolution later.
2017-10-01,0,I liked a video ?a Microsoft 's New Xbox One X Announcement Ticks Off A Lot Of People! But It Really
2017-10-01,2,How to run Kali Linux in Docker on Windows A lot of people use Linux. A lot of people use Windows. A lot of...
2017-10-01,2,Windows Fall Creators Update Unlocks Windows Mixed Reality
2017-10-01,2,Windows ?
2017-10-01,4,How to run Kali Linux in Docker on Windows A lot of people use Linux. A lot of people use Windows. A lot of...
2017-10-01,0,How to run Kali Linux in Docker on Windows A lot of people use Linux. A lot of people use Windows. A lot of...
2017-10-01,4,"On this day, two years ago, I was honored to meet Satya Nadella at Microsoft Innovation Fest in Mexico City"
2017-10-01,0,apple and microsoft owe everyone money for the time they try to sync across their devices--should be more interoperable without cloud
2017-10-01,2,"Windows , but it may work on . Right click the volume icon and its in the speaker settings somewhere. Theres reverb and EQ as well"
2017-10-01,2,Microsoft Stack to Allow to Build True
2017-10-01,4,Microsoft CEO Satya Nadella says the company passed on buying Minecraft years before via
2017-10-01,0,Head out to one of the viewing parties Microsoft is holding at Microsoft Stores around the world! I know I'll be going.
2017-10-01,4,"When it comes to extensions for Edge, Microsoft puts quality overquantity"
2017-10-01,2,Microsoft Office Groove Security Bypass / Code Execution
2017-10-01,2,Microsoft Office Word Information Disclosure
2017-10-01,2,Enter to a Nextbook Flexx A from . - Enter to ! t-windows10-microsoft.html-159931
2017-10-01,4,"When it comes to extensions for Edge, Microsoft puts quality over quantity"
2017-10-01,2,Retweeted Fortune ( ): Meet the -year-old who is the champion of Microsoft Excel...
2017-10-01,0,Me ha gustado un vdeo de ( ?a - Microsoft 's New Xbox One X Announcement Ticks Off A Lot Of People! But
2017-10-01,0,Why Bill Gates Chose Android And Rejected Windows Mobile - Forbes
2017-10-01,0,"Are you dumb, like I said thats like a homeless guy calling bill gates poor as an insult, it makes no sense"
2017-10-01,4,"When it comes to extensions for Edge, Microsoft puts quality over quantity:"
2017-10-01,4,Google & Microsoft Are Building Software to Identify & Trendsetters
2017-10-01,4,"GTA V New en ebay: BRAND NEW! SEALED GTA Grand Theft Auto V - XB1 ( Microsoft Xbox One, )"
2017-10-01,2,Bill Gates
2017-10-01,2,Microsoft - Sculpt Touch Souris tactile Bluetooth - gris
2017-10-01,2,Microsoft Wireless Desktop - Ensemble clavier AZERTY et souris sans fil
2017-10-01,2,Microsoft CEO Satya Nadella elains what happened when employees struggled with a gross milk sit... -ceo-satya-nadella-elains-133000181.html?soc_srccial-sh&soc_trk=tw via
2017-10-01,2,Better than Microsoft edge
2017-10-01,2,Why Bill Gates Chose Android And Rejected Windows Mobile - Forbes
2017-10-01,2,MS Word Tutorial - Using Bullets in Microsoft Word
2017-10-01,2,He's also managed to create this bizarro universe where I'm delighted to see a terrible Bill Gates impersonator
2017-10-01,2,"FortuneMagazine ""Meet the -year-old who is the champion of Microsoft Excel """
2017-10-01,4,FREE! Windows - x4 Safari
2017-10-01,2,"Google, Apple, Microsoft , Cisco, etc are NOT on your side -valley-tax-reform-243318"
2017-10-01,2,Microsoft quietly edits Forza Motorsport 'VIP' listing after backlash
2017-10-01,4,Microsoft office2013 home andra11
2017-10-01,0,"Check out my new album ""Walk a Mile in My Blues"" distributed by and live on Microsoft Groove! -11db-89ca-0019b92a3933?partnerID=AppId:00000000441C9F3C"
2017-10-01,4,To the person who keeps trying to hack my Microsoft account... smd on soft hoe
2017-10-01,2,Microsoft Worldwide Partner Conference : Key Highlights Worldwide Partner Co
2017-10-01,2,eEye Digital Security Alerts Enterprises of Microsoft NT Vulnerability | Business Wire
2017-10-01,4,Gostei de um vdeo do ?a Microsoft 's New Xbox One X Announcement Ticks Off A Lot Of People! But It
2017-10-01,2,Microsoft Office Groove Security Bypass / Code Execution
2017-10-01,2,Why Bill Gates Chose Android And Rejected Windows Mobile Forbes
2017-10-01,2,Microsoft Office Word Information Disclosure
2017-10-01,4,"Microsoft lumia XL LTE dual sim Price, Specifications Friends, I have in my last post about the InFocus M3 ?utm_source=ReviveOldPost&utm_mediumcial&utm_campaign=ReviveOldPost"
2017-10-01,2,Microsoft : this surface thing will make laptops OBSOLETE Microsoft : so check it out. A LAPTOP
2017-10-01,2,"New on Ebay! TITANFALL ( Microsoft Xbox , ) Sealed NEW"
2017-10-01,2,Why Bill Gates Chose Android And Rejected Windows Mobile
2017-10-01,4,Microsoft Xbox One Day One Edition GB Black Console $150.00 via eBay
2017-10-01,4,The Mascal played Forza Motorsport ( Windows ) in the last hours ?1506900673
2017-10-01,0,Sokhar29 played Cuphead ( Windows ) in the last hours ?1506900668
2017-10-01,0,Guuuurl. Wow I've been behind
2017-10-01,0,So are you ever planning on supporting VR at the OS level or just going to make rd party do it like always?
2017-10-01,2,microsoft the hacking gient do we alow them go on hacking or do we stop them all microsoft software has same probem and i know what proem
2017-10-01,2,: Microsoft Office Groove Security Bypass / Code Execution
2017-10-01,4,: Microsoft Office Word Information Disclosure
2017-10-01,4,: Meet the -year-old who is the champion of Microsoft Excel
2017-10-01,4,Getting to Know Microsoft Azure - goERPcloud ?r ead=https%3A%2F%2Fwww.goerpcloud.com%2Fgetting%2Dknow%2Dmicrosoft%2Dazure%2F
2017-10-01,0,: Google & Microsoft Are Building Software to Identify & Trendsetters
2017-10-01,4,"When it comes to extensions for Edge, Microsoft puts quality over quantity"
2017-10-01,4,"One year later, Microsoft AI and Research grows to k people in massive bet on artificial intelligence"
2017-10-01,4,I liked a video ?a Things You Should Do After Upgrading to Windows
2017-10-01,2,The module browser by ?_utm_source=1-2-2
2017-10-01,0,make it playable on windows like my country escape is tyvm
2017-10-01,0,So it must be the Linux subsystem on Windows !!!
2017-10-01,4,Meet the -year-old who is the champion of Microsoft Excel
2017-10-01,2,$79 Microsoft Dynamics AX Will Make You The Veteran. Now! Click To Download:
2017-10-01,2,". 's future, according to in his new book Hit Refresh. $ MSFT"
2017-10-01,2,How tech is transforming the education landscape through immersive technologies - Microsoft Business Summit
2017-10-01,4,The whining is over:' How Microsoft CEO Satya Nadella showed his executives tough love via
2017-10-01,4,Im buying a windows were watching shirt soon
2017-10-01,2,Pillars of Eternity: Complete Edition [Download] by Obsidian Platform: Windows /
2017-10-01,0,"Highlight of my week: Tracking MSFT colleague as he drives his GargantuVan cross-country, eating pizza, & taking pics of ceramic dinosaur."
2017-10-01,2,core and fundamental to his & transformation
2017-10-01,4,"Bill Gates thinks the % should foot the bill for renewable energy, and he's offering the first $2B."
2017-10-01,4,the new AR features in the windows creators update is pretty cool
2017-10-01,0,Don't let Microsoft Edge be on that game. She'll be lonely as fuck!
2017-10-01,0,Nox dice que no me funciona con WIndows .
2017-10-01,2,$79 Microsoft Dynamics AX Will Make You The Veteran. Now! Click To Download:
2017-10-01,2,$79 Microsoft Dynamics AX Will Make You The Veteran. Now! Click To Download:
2017-10-01,2,$79 Microsoft Dynamics AX Will Make You The Veteran. Now! Click To Download:
2017-10-01,2,$79 Microsoft Dynamics AX Will Make You The Veteran. Now! Click To Download:
2017-10-01,2,$79 Microsoft Dynamics AX Will Make You The Veteran. Now! Click To Download:
2017-10-01,2,$79 Microsoft Dynamics AX Will Make You The Veteran. Now! Click To Download:
2017-10-01,2,$79 Microsoft Dynamics AX Will Make You The Veteran. Now! Click To Download:
2017-10-01,4,I won the Lexicologist achievement in Microsoft Ultimate Word Games (Win ) for pts
2017-10-01,4,Microsoft Office Groove Security Bypass / Code Execution Microsoft Office Groove contains a security byp
2017-10-01,4,Microsoft Office Word Information Disclosure Microsoft Office Word suffers from an information disclosur
2017-10-01,4,"New post: ""When it comes to extensions for Edge, Microsoft puts quality over quantity"" via digitaltrends"
2017-10-01,4,"When it comes to extensions for Edge, Microsoft puts quality over quantity: Despite being"
2017-10-01,0,is anyone elses windows update taking more than hours cuz im kinda worried at this point
2017-10-01,0,"Free video with setups for Oct ""Don't Force It"" $ WYNN $ AAPL $ MSFT $ CY $ ISRG -force-it"
2017-10-01,4,"DigitalTrends: When it comes to extensions for Edge, Microsoft puts quality over quantity"
2017-10-01,2,"Original Microsoft Xbox, Black, Console Only, TESTED & WORKING! TRAY STICKS. $35.00 via eBay"
2017-10-01,0,New on Ebay Microsoft Xbox One S White Console stuck on loading
2017-10-01,0,The latest Initech Daily! ?edition_id=ef0e1bc0-a6ff-11e7-8d59-0cc47a0d15fd
2017-10-01,4,"It's fine to celebrate success, but it is more important to heed the lessons of failure.- Bill Gates"
2017-10-01,2,"Master the power of Office Suite with the eLearnExcel + eLearnOffice: Lifetime Subscription, $49!"
2017-10-01,2,"Bill Gates thinks the % should foot the bill for renewable energy, and he's offering the first $2B. ?st=J89DJQSY&sh=bb29c372"
2017-10-01,2,Microsoft Office Groove Security Bypass / Code Execution
2017-10-01,2,Microsoft Office Word Information Disclosure
2017-10-01,0,"Apparently if I play Overwatch on PC, I show up online on Xbox Live. Can't figure out if that's because of Windows , or Battlenet"
2017-10-01,2,Microsoft Office Groove Security Bypass / Code Execution: Microsoft Office Groove contains a security
2017-10-01,4,"When it comes to extensions for Edge, Microsoft puts quality over quantity"
2017-10-01,2,Microsoft Office Word Information Disclosure: Microsoft Office Word suffers from an information
2017-10-01,2,Charter Trust Co. Cuts Stake in Microsoft Corporation (NASDAQ: MSFT )
2017-10-01,4,"DigitalTrends: When it comes to extensions for Edge, Microsoft puts quality over quantity"
2017-10-01,0,Jay Z money Neymar money Messi money Bill Gates money Dr. Dre money that's what I need
2017-10-01,4,"When it comes to extensions for Edge, Microsoft puts quality over quantity"
2017-10-01,4,I've never understood why tf microsoft deemed it logical to program auto shadow into every damn drawn object in Office products
2017-10-01,2,Microsoft Office Groove Security Bypass / Code Execution
2017-10-01,2,Microsoft Office Word Information Disclosure
2017-10-01,2,How to use Emojis in Windows -in-wind ows-10 via
2017-10-01,2,"Tom Clancy's The Division ( Microsoft Xbox One, )"
2017-10-01,4,"When it comes to extensions for Edge, Microsoft puts quality over quantity"
2017-10-01,0,Hey Rayman HD is supposed to be part of . Why is it still trying to charge me? fe-1000-9115-d8025841123f?noSplash=1
2017-10-01,2,"New on Ebay Tom Clancy's The Division ( Microsoft Xbox One, )"
2017-10-01,4,": When it comes to extensions for Edge, Microsoft puts quality over quantity"
2017-10-01,4,I liked a video ?a Microsoft 's New Xbox One X Announcement Ticks Off A Lot Of People! But It Really
2017-10-01,4,"When it comes to extensions for Edge, puts quality over quantity"
2017-10-01,0,"My brain just read ""Monopoly"" as "" Microsoft "" and so I guess it's time to go to sleep"
2017-10-01,0,Resume/CV Template contain unique pages for Apple Pages | Microsoft Office Word.
2017-10-01,0,I liked a video ?a Microsoft 's New Xbox One X Announcement Ticks Off A Lot Of People! But It Really
2017-10-01,2,Bill Gates
2017-10-01,4,I liked a video ?a Microsoft Conference - Easy Allies Reactions - E3
2017-10-01,4,Microsoft Xbox One S tb Forza Horizon Console Bundle With k Ultra Hd Blu-ray White -xbox -one-s-1tb-forza-horizon-3-console-bundle-with-4k-ultra-hd-blu-ray-white
2017-10-01,2,my dad work at microsoft if you dont leve me alone ill get you IP ban.
2017-10-01,4,"When it comes to extensions for Edge, Microsoft puts quality over quantity"
2017-10-01,4,"Microsoft Improves Excel, Twitter Tests Characters...And Other Small Business Tech News This Week"
2017-10-01,4,"Microsoft Headquarters | Corporate Office, Company Info, Contact Info"
2017-10-01,0,just like Microsoft with their GB game I'm so fucking angry about this I just wanna play Gears of War
2017-10-01,4,"When it comes to extensions for Edge, Microsoft puts quality over quantity"
2017-10-01,2,(Yes I know it's not the game) the card said windows and Xbox If I download the code on my box can I play on my acc on my laptop???
2017-10-01,4,"When it comes to extensions for Edge, Microsoft puts quality overquantity"
2017-10-01,4,Raspbian's new desktop look is so excited about rounded window borders. Meanwhile Windows has gone back to fully square windows.
2017-10-01,2,Got bored at work and opened up Microsoft paint
2017-10-01,2,My sister has a MacBook Air and honestly it might as well be one of those Microsoft Surface tablets but with a real keyboard.
2017-10-01,2,Another great study from - this is how $ MSFT trade made money before earnings years in a row
2017-10-01,0,Fuck Microsoft and fuck ads in my fucking windows installation. Get the fuck out!
2017-10-01,0,Windows |8 CORE COMPUTER with Hyperthreads |HP Z800 Workstation | X
2017-10-01,4,I believe innovation is the most powerful force for change in the world. ~ Bill Gates
2017-10-01,4,Windows .1 Review RoundUp -
2017-10-01,4,How To Reset Mcrosoft Account (Outlook-Hotmal) P CLASSIFIEDS - EMAIL SECURITY ADVERTS
2017-10-01,2,Free eBooks from Microsoft Press
2017-10-01,4,"When it comes to extensions for Edge, Microsoft puts quality over quantity"
2017-10-01,4,"Marea cable headed towards the oceanImage: microsoft More than ,000 feet below the ocean's surface, there now..."
2017-10-01,4,Microsoft opens new UK office as a base in the North via
2017-10-01,4,"When it comes to extensions for Edge, Microsoft puts quality over quantity"
2017-10-01,2,Why Bill Gates Chose Android And Rejected Windows Mobile
2017-10-01,0,"Dropbox pushes ahead with platform play, dismisses Google and Microsoft threat"
2017-10-01,0,Top Kiwi cloud eert swaps Microsoft for AWS
2017-10-01,4,Starfish brings Microsoft Groove to Amazon Echo
2017-10-01,2,Chime in: Should Microsoft release a Surface trackpad?
2017-10-01,2,Stock Watch: Checking the Technicals for MICROSOFT DL-00000625 (MSF.DE)
2017-10-01,4,Carlson Capital Management Has $1.71 Million Stake in Microsoft Corporation ( MSFT )
2017-10-01,2,I added a video to a playlist ?a Microsoft 's New Xbox One X Announcement Ticks Off A Lot Of People! But
2017-10-01,4,Charter Trust Co. Cuts Stake in Microsoft Corporation (NASDAQ: MSFT )
2017-10-01,4,"The Xbox One X Is ""Its Own Thing,"" Not Just an Upgrade, Says Microsoft Exec"
2017-10-01,0,Microsoft may not unveil a new Surface Book until next year
2017-10-01,2,Microsoft quietly edits Forza Motorsport 'VIP' listing after backlash
2017-10-01,2,How Satya Nadella helped Microsoft get its groove back oft-ai-satya-nadella-company-tech-business
2017-10-01,2,I liked a video ?a Microsoft 's New Xbox One X Announcement Ticks Off A Lot Of People! But It Really
2017-10-01,2,Theater
2017-10-01,0,I want Windows to stop telling me to use Microsoft Edge. I refuse
2017-10-01,2,I SWEAR I JUST SAW THE CEO OF MICROSOFT AND NO ONE FREAKING NOTICED!!!
2017-10-01,4,"When it comes to extensions for Edge, Microsoft puts quality over quantity"
2017-10-01,2,Great. I just wonder if Windows has its own audio ducking or something. That gets annoying if that's true.
2017-10-01,2,Cuphead - Xbox One/ Windows [Digital Code] by Studio MDHR Platform: Xbox One (20) Buy new
2017-10-01,4,"Super Lucky's Tale Hands-on Preview From VR with Love: Fast forward to the present day, and Microsoft are"
2017-10-01,2,Chime in: Should Microsoft release a Surface trackpad?
2017-10-01,4,"When it comes to extensions for Edge, Microsoft puts quality over quantity - Digital Trends"
2017-10-01,4,"When it comes to extensions for Edge, Microsoft puts quality over quantity"
2017-10-01,4,"When it comes to extensions for Edge, Microsoft puts quality over quantity: Despite being the subject of a lot of..."
2017-10-01,2,Make sure you enter to win a Nextbook Flexx A -in-1 tablet with Windows on
2017-10-01,4,Best way to begin school is with a Microsoft surface.
2017-10-01,2,Defining a Cost Allocation Model in Azure Cost Management Powered by Cloudyn
2017-10-01,2,Defining a Cost Allocation Model in Azure Cost Management Powered by Cloudyn
2017-10-01,2,"They should share between windows app ""Movies and TV"" between that and same app on xbox one. Same account, though!"
2017-10-01,0,Really ? You are going to sponsor NFL teams and not make a statement in solidarity w/ athletes that ? Buying Mac next.
2017-10-01,2,Does the Windows ISO have a EI.CFG file for changing theedition?
2017-10-01,4,"Microsoft commits to deliver next Office client, servers by second half"
2017-10-01,2,"New on Ebay: FIFA ( Microsoft Xbox One, ) great condition pre owned"
2017-10-01,2,I added a video to a playlist Tablet Windows - How to Guide and Specs
2017-10-01,2,Compact Computing w/ Nextbook Flexx A PLUS a Giveaway! via
2017-10-01,0,"Alibaba Beats Amazon, Microsoft , Google In This Key Cloud ... -"
2017-10-01,2,Enter to win a Digital Code for Cuphead for Xbox One / Windows . Enter here > RT & Tag! Winner Drawn Oct .
2017-10-01,0,someone tell me why my laptop is less than two years old but has had microsoft this whole time
2017-10-01,2,Microsoft System Center: Network Virtualization And Cloud Computing PDF
2017-10-02,4,I won the Web Surfing achievement in Microsoft Solitaire Collection (UWP) for ... +Pilla rofFire
2017-10-02,4,I won the Sight Seeker achievement in Microsoft Bingo (Win ) for ... althy
2017-10-02,2,News: Microsoft Seeds Mighty No. Stability Update to Xbox Insiders
2017-10-02,2,it had windows this was at your Arlington location never going back to frys ever again.
2017-10-02,4,How to Enable and Use Shared Eeriences in Windows
2017-10-02,0,"Microsoft teases major Office for Mac updates, public version coming soon (via News)"
2017-10-02,0,Grand Theft Auto V (5) promotional copy sealed Microsoft Xbox
2017-10-02,2,"BioShock: The Collection ( Microsoft Xbox One, ) (9316-SM06)"
2017-10-02,2,"Call of Duty: Black Ops III USED SEALED COD BOIII BO3 Microsoft Xbox One,"
2017-10-02,2,"Call of Duty: Infinite Warfare ( Microsoft Xbox One, )"
2017-10-02,2,money back and left plus the guy that sold it to us said it was with a mouse and keyboard and had windows ... it had ...
2017-10-02,4,Microsoft C.E.O. Says Techs Progress on Gender Equality Is Not Sufficient
2017-10-02,0,And their failure to offer a platform on mobile devices will definitely be a problem longer term. Youngsters don't know who Microsoft are.
2017-10-02,0,"Lol, for sure. The left can be such a contradiction, too, by following that nasty..."
2017-10-02,4,"Feels like , in the near future, is going to go the route of . Be more behind-the-scenes than consumer facing."
2017-10-02,4,Oh my god Im emailing bill gates
2017-10-02,4,Microsoft 's Nadella Wants to Help Coders Take a Quantum Leap
2017-10-02,4,"Microsoft will soon shutter its music store and streaming service, move users toSpotify via"
2017-10-02,2,Will Tencent and Nintendo's Team-Up Hurt Sony and Microsoft ? -
2017-10-02,0,"Microsoft Gives Up on Its Groove Music Service, Says to Use Spotify Now - Gizmodo"
2017-10-02,4,Maybe they'll partner with Spotify to work on migrating Microsoft Movies & TV to their service instead?
2017-10-02,0,Oh well screw that then!
2017-10-02,2,return input.First().ToString().ToUpper() + input.Substring(1)| duh
2017-10-02,2,Make a uwp app for windows mobile
2017-10-02,2,": Microsoft , Facebook, Equifax And The Fast-Moving Front Line of Cybersecurity - Forbes"
2017-10-02,4,"Last but not least we have Uma, our Distinguished Speaker Series chair! She was a Microsoft elorer intern this summer and loves to sing"
2017-10-02,0,"It's kinda lame how they're advertising it. There's not a true ""partnership"" it's just transferring your library. After that, it's over."
2017-10-02,0,Super fake I'd say. The devs have stated it's an exclusive and only a sequel could be on other platforms. Microsoft doesn't want to lose it.
2017-10-02,2,"Acer Aspire E -Inch FHD Notebook (Intel Core i3, GB DDR4, TB RPM HD, Windows Home), Black $350"
2017-10-02,2,What does it do for purchased music and subscriptions?
2017-10-02,0,"Nooooooooooo why , why???"
2017-10-02,0,A bag full of schwag for my at the LGBT Community Center. Gotta start them on the greatness.
2017-10-02,0,microsoft chuzzus kills me every damn time.
2017-10-02,4,Local rules still require installation of Microsoft Word in many jurisdictionsm use of Word Perfect also heavily favored in many chambers.
2017-10-02,0,"What's the deal with your Microsoft Rewards support? Sent emails and gotten nothing but ""we'll look into it"""
2017-10-02,4,Announcing new Azure VM images: SQL Server on Linux and Windows
2017-10-02,0,Inside Sales Solutions Specialist Australia Sydney
2017-10-02,4,"How Microsoft built the Xbox One X, the most powerful game console ever - The Verge"
2017-10-02,0,Wtf is Microsoft chuzzus please
2017-10-02,0,Facebook and Microsoft 's big undersea cable is finally finished via
2017-10-02,4,Report: Microsoft Buys Land in Silicon Valley for Huge Data Center
2017-10-02,2,the windows it's actually a steam code?
2017-10-02,2,"Microsoft , Facebook, Equifax And The Fast-Moving Front Line of Cybersecurity - Forbes"
2017-10-02,4,"AI will enable marketers to achieve more, but requires trust,' says Microsoft Bing Ads GM"
2017-10-02,2,The Duo Trusted Access Report: Microsoft Edition -duo-trusted-access-report-microsoft-edition via
2017-10-02,0,What Groove users need to do now that Microsoft is killing Groove Music Pass -groove-users-need-to-do-now-that-microsoft-is-killing-groove-music-pass.html via
2017-10-02,0,Never recieved my Microsoft Rewards gift cards
2017-10-02,0,Windows update has broken my laptop and Im just laid in bed thinking about the very strong worded email I wanna send Bill Gates
2017-10-02,0,account banned because your commerce system didn't work. Customer support completely useless. Microsoft here I come....
2017-10-02,4,". and just laid a -terabits-per-second cable ,100 miles across the Atlantic -facebook-transatlantic-cable-160-terabits-a-second"
2017-10-02,0,"Microsoft gives up on Groove Music, switches customers to Spotify"
2017-10-02,0,can't interact with my computer for mins but superfetch is still running so I have that going for me. Priorities!
2017-10-02,4,Bill Gates talks to CNN's Christiane Amanpour ''The world is better than... via
2017-10-02,2,"Call of Duty: WWII ( Microsoft Xbox One, ) Pre Order Ships /03"
2017-10-02,0,Why can you not just clone windows so you don't have to reinstall everything when you swap to an ssd
2017-10-02,4,Microsoft acquires Cycle Computing
2017-10-02,4,"Microsoft Switches to Multi-Zone Cloud Regions, Catching Up to AWS, Google Cloud -a"
2017-10-02,2,Scoop: PlayerUnknowns Battlegrounds and Microsoft are in talks on Xbox deal -is-said-in-talks-to-extend-battlegrounds-exclusive via
2017-10-02,4,"When your CEO writes and gives you a book, you read it! Commons"
2017-10-02,0,"Microsoft getting out of the music biz, moving Groove subs to Spotify ?p=1178557"
2017-10-02,4,Just completed the Teacher academy: Windows course! - Win10 via
2017-10-02,2,"i ran Superposition Benchmark on my Windows , so here's the results"
2017-10-02,2,DELL Inspiron i3452-5600BLK Laptop with Windows System
2017-10-02,2,Bill Gates thinks this is one of the biggest threats to humanity
2017-10-02,0,"Microsoft getting out of the music biz, moving Groove subs to Spotify"
2017-10-02,0,"Microsoft gives up on Groove Music, switches customers to Spotify"
2017-10-02,0,"Why am I no longer excited by any new services/products from MSFT you ask? Gee, I have no idea...."
2017-10-02,0,"Microsoft Discontinues Groove Music, Partners With Spotify Instead"
2017-10-02,0,"Microsoft will soon shutter its music store and streaming service, move users to Spotify"
2017-10-02,0,"Microsoft retires Groove Music service, partners with Spotify"
2017-10-02,2,I added a video to a playlist ?a Dante's Inferno - Gameplay (PPSSPP) Windows
2017-10-02,2,Pls who's Microsoft chuzzus???
2017-10-02,2,What services do you really use on mobile that Microsoft has?
2017-10-02,0,"Microsoft Retires Groove Music Streaming Service, Switches Customers to Spotify"
2017-10-02,2,Google is just as likely to abandon things as Microsoft
2017-10-02,0,"Farewell Microsoft Groove, we barely listened to you. Microsoft today announced it is discontinuing Groove, its i"
2017-10-02,0,"Microsoft getting out of the music biz, moving Groove subs to Spotify ?p=1178557"
2017-10-02,0,Microsoft 's Satya Nadella's not worrying about more tech regulation
2017-10-02,0,Microsoft to Bring Spotify to Groove Music Pass Customers
2017-10-02,0,"well - if there were a consistent availability of services, don't you think that Microsoft 's products would appeal to consumers more?"
2017-10-02,0,"Microsoft will soon shutter its music store and streaming service, move users toSpotify via"
2017-10-02,2,New on Ebay: Call of Duty: Black Ops II Microsoft Xbox Cod Video Game Low Price
2017-10-02,2,One takeaway from my first day at work: I forgot how spectacular a program Microsoft Outlook is.
2017-10-02,2,Enter to WIN a NextBook Tablet Laptop from Use my link!
2017-10-02,2,Million Container Instances in Minutes Draws Rare Applause - Ramaswamy said some of Microsoft 's ...
2017-10-02,2,Why Is Microsoft Banking on a Game Called Cuphead?
2017-10-02,0,So my Microsoft word deleted itself and now I can't open any of my notes
2017-10-02,2,A pair of big companies elain why they jumped on board the
2017-10-02,2,A pair of big companies elain why they jumped on board the
2017-10-02,2,: Our Implementation Options for Microsoft Dynamics at a glance
2017-10-02,2,"If youre like most SMBs, you ... live and breathe Microsoft Office. This is how to your business tasks:"
2017-10-02,2,"semi-restore won't open, windows bit itunes 3"
2017-10-02,0,"nope, Spotify lost about $600M last quarter. MS is pushing us onto a leaky dingy."
2017-10-02,0,Microsoft is not a consumer company. The sooner we all realize that the sooner we can start giving our money to companies that actually care
2017-10-02,2,Call of Duty: Black Ops II Microsoft Xbox Cod Video Game Low Price
2017-10-02,2,"adopts a kinder, gentler upgrade pace, slows pace for delivering feature ."
2017-10-02,0,"You didn't support Windows phone & not supporting groove. Now you mad but at the same time saying games games games, right."
2017-10-02,2,: Forza Motorsport : Standard Edition - Pre-load - Xbox One/ Windows Digital Code
2017-10-02,4,I would /10 beat you again
2017-10-02,0,Seriously direct correlation between Disk load and UI performance in even with low CPU/GPU/RAM use. Very bad.
2017-10-02,0,"Microsoft getting out of the music biz, moving Groove subs to Spotify ?p=1178557"
2017-10-02,0,"Microsoft will soon shutter its music store and streaming service, move users toSpotify"
2017-10-02,0,"Just got the email, has killed Groove, partnered w Spotify to transferfer playlists. This feels familiar."
2017-10-02,0,"Microsoft teases major for updates, public version coming soon /via -teases-major-office-for-mac-updates-public-version-coming-soon"
2017-10-02,4,Microsoft to bring Spotify to Groove Music Pass customers .WdLQSvnkH_k.twitter
2017-10-02,0,"New on Ebay! Titanfall ( Microsoft Xbox , )"
2017-10-02,0,"Microsoft teases major Office for Mac updates, public version coming soon"
2017-10-02,2,"Do you know what has happened to the Microsoft blogs sites for Office, OneDrive etc? redirects to"
2017-10-02,4,"If you think your teacher is tough, wait until you get a boss. He doesn't have tenure. ( Bill Gates )"
2017-10-02,2,"Eect % jump in $ TwTR . Long overdue takeover offer(S) are comming Gem. $ MSFT needs it, could be huge loss4 $ GOOGL $ CRM $ AaPL"
2017-10-02,0,Why does Microsoft always gotta ban me
2017-10-02,2,JOIN BGST LIVE MICROSOFT PUTS SONY TO SHAME WITH CUPHEAD AND FORZA MOTOR ?v=ebCCO4 xHt
2017-10-02,4,Cuphead is a Microsoft exclusive. This is pure b.s
2017-10-02,0,seriously thinking of canceling my Xbox One X or whatever ridiculous name you gave it.
2017-10-02,2,"New on Ebay Tom Clancy's The Division ( Microsoft Xbox One, )"
2017-10-02,2,wish I was playing bowling again with MSFT
2017-10-02,2,"woot!! Just bought my windows we're watching shirt, can't wait to see what people around school think of this."
2017-10-02,2,Microsoft HoloLens: Mixed Reality Blends Holograms with the Real World
2017-10-02,0,"Business News: Microsoft Discontinues Groove Music, Partners With Spotify Instead"
2017-10-02,0,"then again, this really shows where Microsoft 's priorities are (hint: not consumers)"
2017-10-02,2,"To be fair, this was/is a very crowded field| Spotify and iTunes were already established. Pandora was there as well. To be honest, I am not so sure Google Music is setting the world on fire, though it is hard to say as Google does not release data on them."
2017-10-02,4,"Microsoft teases major Office for Mac updates, public version coming soon ?utm_campaign=guest&utm_medium=twitter&utm_source=twitterapple"
2017-10-02,4,"AI will enable marketers to achieve more, but requires trust,' says Microsoft Bing Ads GM"
2017-10-02,4,"Microsoft teases major Office for Mac updates, public version coming soon -insider?utm_campaign=apple-insider&utm_medium=twitter&utm_source=twitterapple"
2017-10-02,4,From Sallah ram girl to Microsoft Chuzzus....
2017-10-02,2,Geometry Wars Dimensions Evolved Microsoft Xbox One Game Wholesalers Lot
2017-10-02,2,How to Change the Screen Resolution in Windows - Make Tech Easier
2017-10-02,4,Bank of America chooses the Microsoft Cloud to support digital transformation
2017-10-02,0,thanks for screwing me twice investing in your music platform first with Zune and now with Groove.
2017-10-02,4,"Microsoft teases major Office for Mac updates, public version coming soon"
2017-10-02,0,"LMFAO, man said "" Microsoft chuzzus"" wtf"
2017-10-02,0,do you only test using SSDs? This is unbelievable. Learn how to write async disk IO.
2017-10-02,0,lets not forget the app on WP doesn't even work.
2017-10-02,2,Meet us at to find out how we're partnering with to build the your enterprise needs.
2017-10-02,2,"upmc email login :: UPMC Exchange Group, University of Pittsburgh Medical Center ... :: UPMC Microsoft Exchange ..."
2017-10-02,2,"Microsoft teases major Office for Mac updates, public version coming soon"
2017-10-02,0,Is it dangerous to have unused Windows Defender Firewall rules active? -it-dangerous-to-have-unused-windows-10-defender-firewall-rules-active
2017-10-02,4,"Good technicals, but also a nice setup pattern forming for $ MSFT -"
2017-10-02,0,Is Spotify even making money yet?
2017-10-02,0,How will this effect Win Phone? At least I had my Microsoft apps available still on my Lumia . Will Spotify still service WPhone?
2017-10-02,4,Are you signed up for the eXcelerate - Excel Courses meetup? Looks like a good time:
2017-10-02,2,qual smartphone Bill Gates usa??
2017-10-02,4,Microsoft CEO Satya Nadella on why empathy is essential for technology innovation
2017-10-02,2,Microsoft 's on what happened when employees faced a gross milk situation via
2017-10-02,4,Setting Up Windows Server (or Windows ) on Amazon EC2 via
2017-10-02,2,"HP -BU004TU -inch Lightweight, Laptop (Celeron N3060/4GB/500GB/ Windows /Integrated Graphics), Smoke Grey ref=as_li_ss_tl?_encoding=UTF8&*Version*=1&*entries*=0&portal-device-attributesesktop&linkCode=ll1&tag=andrbuzz-21"
2017-10-02,2,The above video is Bill Gates dream of turning radioactive waste into income potential. (Background)...
2017-10-02,4,"As Microsoft abandons music streaming, here's how to cancel Groove Music ee65194a984566307ab8f343ce9?src=twitter via"
2017-10-02,4,"Microsoft gives up on Groove Music, switches customers to Spotify"
2017-10-02,0,"Microsoft teases major Office for Mac updates, public version coming soon ?utm_campaign=guest&utm_medium=twitter&utm_source=twitterapple"
2017-10-02,2,HOW TO COPY COMMANDS ON MINECRAFT BEDROCK EDITION/ WINDOWS ?a
2017-10-02,4,"Microsoft teases major Office for Mac updates, public version coming soon -insider?utm_campaign=apple-insider&utm_medium=twitter&utm_source=twitterapple"
2017-10-02,4,"Email from ""Groove Music is excited to announce that, beginning today, were [starting to close up shop]"" lol"
2017-10-02,2,Forza Motorsport : Standard Edition - Pre-load - Xbox One/ Windows Digital Code by
2017-10-02,0,"Well, now we know why iTunes is coming to the Microsoft Store?"
2017-10-02,2,"-listen album reviews are a huge disservice to the art, artist, producers, labels, writer, outlets, fans, Microsoft Word, Google Docs..."
2017-10-02,4,"Microsoft teases major Office for Mac updates, public version coming soon ?utm_campaign=guest&utm_medium=twitter&utm_source=twitterapple"
2017-10-02,4,You consistently told for years that all you wanted was more games. You booed exclusive movies/TV/music entertainment.
2017-10-02,2,Microsoft 's Satya Nadella echoes Musk with warning over AI governance
2017-10-02,2,What do like best about Windows ?
